{
    "epoch": 5.0,
    "eval_f1": 0.9619214997070884,
    "eval_loss": 0.09798860549926758,
    "eval_runtime": 78.0141,
    "eval_samples_per_second": 153.818,
    "eval_steps_per_second": 4.807
}