{
  "best_metric": 0.9634214997070884,
  "best_model_checkpoint": "resnet-152-finetuned-cifake-epoch5/checkpoint-3600",
  "epoch": 4.266666666666667
}
