{
    "epoch": 3.0,
    "eval_f1": 0.8985352293381802,
    "eval_loss": 0.23767633736133575,
    "eval_runtime": 34.8828,
    "eval_samples_per_second": 286.675,
    "eval_steps_per_second": 8.973
}